<xml xmlns:o="urn:schemas-microsoft-com:office:office">
 <o:MainFile HRef="../ReadMe.html"/>
 <o:File HRef="item0001.xml"/>
 <o:File HRef="props002.xml"/>
 <o:File HRef="themedata.thmx"/>
 <o:File HRef="colorschememapping.xml"/>
 <o:File HRef="image001.png"/>
 <o:File HRef="image002.png"/>
 <o:File HRef="image003.png"/>
 <o:File HRef="image004.jpg"/>
 <o:File HRef="image005.png"/>
 <o:File HRef="image006.jpg"/>
 <o:File HRef="image007.png"/>
 <o:File HRef="image008.jpg"/>
 <o:File HRef="image009.png"/>
 <o:File HRef="image010.jpg"/>
 <o:File HRef="image011.png"/>
 <o:File HRef="image012.jpg"/>
 <o:File HRef="image013.png"/>
 <o:File HRef="image014.jpg"/>
 <o:File HRef="image015.png"/>
 <o:File HRef="image016.jpg"/>
 <o:File HRef="image017.png"/>
 <o:File HRef="image018.jpg"/>
 <o:File HRef="image019.png"/>
 <o:File HRef="image020.jpg"/>
 <o:File HRef="image021.png"/>
 <o:File HRef="image022.jpg"/>
 <o:File HRef="image023.png"/>
 <o:File HRef="image024.jpg"/>
 <o:File HRef="image025.png"/>
 <o:File HRef="image026.jpg"/>
 <o:File HRef="image027.png"/>
 <o:File HRef="image028.jpg"/>
 <o:File HRef="image029.png"/>
 <o:File HRef="image030.jpg"/>
 <o:File HRef="image031.png"/>
 <o:File HRef="image032.jpg"/>
 <o:File HRef="image033.png"/>
 <o:File HRef="image034.jpg"/>
 <o:File HRef="image035.png"/>
 <o:File HRef="image036.jpg"/>
 <o:File HRef="image037.png"/>
 <o:File HRef="image038.jpg"/>
 <o:File HRef="image039.png"/>
 <o:File HRef="image040.jpg"/>
 <o:File HRef="image041.png"/>
 <o:File HRef="image042.jpg"/>
 <o:File HRef="image043.png"/>
 <o:File HRef="image044.png"/>
 <o:File HRef="image045.png"/>
 <o:File HRef="image046.png"/>
 <o:File HRef="image047.png"/>
 <o:File HRef="image048.png"/>
 <o:File HRef="image049.jpg"/>
 <o:File HRef="image050.png"/>
 <o:File HRef="image051.jpg"/>
 <o:File HRef="image052.png"/>
 <o:File HRef="image053.jpg"/>
 <o:File HRef="image054.png"/>
 <o:File HRef="image055.jpg"/>
 <o:File HRef="image056.png"/>
 <o:File HRef="image057.jpg"/>
 <o:File HRef="image058.png"/>
 <o:File HRef="image059.jpg"/>
 <o:File HRef="image060.png"/>
 <o:File HRef="image061.jpg"/>
 <o:File HRef="image062.jpg"/>
 <o:File HRef="image063.jpg"/>
 <o:File HRef="image064.png"/>
 <o:File HRef="image065.jpg"/>
 <o:File HRef="image066.png"/>
 <o:File HRef="image067.jpg"/>
 <o:File HRef="image068.png"/>
 <o:File HRef="image069.jpg"/>
 <o:File HRef="image070.png"/>
 <o:File HRef="image071.jpg"/>
 <o:File HRef="image072.png"/>
 <o:File HRef="image073.jpg"/>
 <o:File HRef="image074.png"/>
 <o:File HRef="image075.jpg"/>
 <o:File HRef="image076.png"/>
 <o:File HRef="image077.jpg"/>
 <o:File HRef="image078.png"/>
 <o:File HRef="image079.jpg"/>
 <o:File HRef="image080.png"/>
 <o:File HRef="image081.jpg"/>
 <o:File HRef="image082.png"/>
 <o:File HRef="image083.jpg"/>
 <o:File HRef="image084.png"/>
 <o:File HRef="image085.jpg"/>
 <o:File HRef="image086.png"/>
 <o:File HRef="image087.jpg"/>
 <o:File HRef="image088.png"/>
 <o:File HRef="image089.jpg"/>
 <o:File HRef="image090.png"/>
 <o:File HRef="image091.jpg"/>
 <o:File HRef="image092.png"/>
 <o:File HRef="image093.jpg"/>
 <o:File HRef="image094.png"/>
 <o:File HRef="image095.jpg"/>
 <o:File HRef="image096.png"/>
 <o:File HRef="image097.jpg"/>
 <o:File HRef="image098.png"/>
 <o:File HRef="image099.jpg"/>
 <o:File HRef="image100.png"/>
 <o:File HRef="image101.jpg"/>
 <o:File HRef="image102.png"/>
 <o:File HRef="image103.jpg"/>
 <o:File HRef="image104.png"/>
 <o:File HRef="image105.jpg"/>
 <o:File HRef="image106.png"/>
 <o:File HRef="image107.jpg"/>
 <o:File HRef="image108.png"/>
 <o:File HRef="image109.jpg"/>
 <o:File HRef="image110.png"/>
 <o:File HRef="image111.jpg"/>
 <o:File HRef="image112.png"/>
 <o:File HRef="image113.jpg"/>
 <o:File HRef="image114.png"/>
 <o:File HRef="image115.jpg"/>
 <o:File HRef="image116.png"/>
 <o:File HRef="image117.jpg"/>
 <o:File HRef="image118.png"/>
 <o:File HRef="image119.jpg"/>
 <o:File HRef="image120.png"/>
 <o:File HRef="image121.jpg"/>
 <o:File HRef="image122.png"/>
 <o:File HRef="image123.jpg"/>
 <o:File HRef="image124.png"/>
 <o:File HRef="image125.jpg"/>
 <o:File HRef="image126.png"/>
 <o:File HRef="image127.jpg"/>
 <o:File HRef="image128.png"/>
 <o:File HRef="image129.jpg"/>
 <o:File HRef="image130.png"/>
 <o:File HRef="image131.jpg"/>
 <o:File HRef="image132.png"/>
 <o:File HRef="image133.jpg"/>
 <o:File HRef="image134.png"/>
 <o:File HRef="image135.jpg"/>
 <o:File HRef="image136.png"/>
 <o:File HRef="image137.jpg"/>
 <o:File HRef="image138.jpg"/>
 <o:File HRef="image139.png"/>
 <o:File HRef="image140.jpg"/>
 <o:File HRef="image141.png"/>
 <o:File HRef="image142.jpg"/>
 <o:File HRef="image143.png"/>
 <o:File HRef="image144.jpg"/>
 <o:File HRef="image145.png"/>
 <o:File HRef="image146.jpg"/>
 <o:File HRef="filelist.xml"/>
</xml>